"id","code_prefix","parent_id/id","name"
"kp_rrif_acc_group_0","0",,"POTRAŽIVANJA ZA UPISANI KAPITAL I DUGOTRAJNA IMOVINA"
"kp_rrif_acc_group_00","00","kp_rrif_acc_group_0","POTRAŽIVANJA ZA UPISANI A NEUPLAĆENI KAPITAL"
"kp_rrif_acc_group_01","01","kp_rrif_acc_group_0","NEMATERIJALNA IMOVINA"
"kp_rrif_acc_group_010","010","kp_rrif_acc_group_01","Izdatci za razvoj"
"kp_rrif_acc_group_011","011","kp_rrif_acc_group_01","Koncesije, patenti, licencije, robne i uslužne marke"
"kp_rrif_acc_group_012","012","kp_rrif_acc_group_01","Softver i ostala prava"
"kp_rrif_acc_group_0120","0120","kp_rrif_acc_group_012","Softwer"
"kp_rrif_acc_group_0121","0121","kp_rrif_acc_group_012","Nematerijalna dugotrajna prava"
"kp_rrif_acc_group_0122","0122","kp_rrif_acc_group_012","Ostala prava"
"kp_rrif_acc_group_013","013","kp_rrif_acc_group_01","Goodwill"
"kp_rrif_acc_group_014","014","kp_rrif_acc_group_01","Ostala nematerijalna imovina"
"kp_rrif_acc_group_015","015","kp_rrif_acc_group_01","Predujmovi za nabavu nematerijalne imovine"
"kp_rrif_acc_group_016","016","kp_rrif_acc_group_01","Nematerijalna imovina u pripremi (analitika prema vrsti računa skupine 01)"
"kp_rrif_acc_group_018","018","kp_rrif_acc_group_01","Vrijednosno usklađenje nematerijalne imovine (analitika prema vrsti računa skupine 01)"
"kp_rrif_acc_group_019","019","kp_rrif_acc_group_01","Akumulirana amortizacija nematerijalne imovine"
"kp_rrif_acc_group_02","02","kp_rrif_acc_group_0","MATERIJALNA IMOVINA - NEKRETNINE"
"kp_rrif_acc_group_020","020","kp_rrif_acc_group_02","Zemljišta"
"kp_rrif_acc_group_021","021","kp_rrif_acc_group_02","Zemljišna prava (višegodišnja)"
"kp_rrif_acc_group_023","023","kp_rrif_acc_group_02","Građevinski objekti (za vlastite potrebe)"
"kp_rrif_acc_group_024","024","kp_rrif_acc_group_02","Stanovi za vlastite zaposlenike"
"kp_rrif_acc_group_026","026","kp_rrif_acc_group_02","Predujmovi za nabavu nekretnina"
"kp_rrif_acc_group_027","027","kp_rrif_acc_group_02","Nekretnine u pripremi"
"kp_rrif_acc_group_028","028","kp_rrif_acc_group_02","Vrijednosno usklađenje nekretnina"
"kp_rrif_acc_group_029","029","kp_rrif_acc_group_02","Akumulirana amortizacija građevina"
"kp_rrif_acc_group_03","03","kp_rrif_acc_group_0","POSTROJENJA, OPREMA, ALATI, INVENTAR I TRANSPORTNA SREDSTVA"
"kp_rrif_acc_group_030","030","kp_rrif_acc_group_03","Postrojenja"
"kp_rrif_acc_group_031","031","kp_rrif_acc_group_03","Oprema"
"kp_rrif_acc_group_032","032","kp_rrif_acc_group_03","Alati, pogonski inventar i transportna imovina"
"kp_rrif_acc_group_0320","0320","kp_rrif_acc_group_032","Transportna imovina"
"kp_rrif_acc_group_0321","0321","kp_rrif_acc_group_032","Pokućstvo - inventar"
"kp_rrif_acc_group_033","033","kp_rrif_acc_group_03","Pretporez koji se ne može odbiti (kao dio vrijed. os. aut.)"
"kp_rrif_acc_group_034","034","kp_rrif_acc_group_03","Poljoprivredna oprema i mehanizacija"
"kp_rrif_acc_group_035","035","kp_rrif_acc_group_03","Ostala materijalna imovina"
"kp_rrif_acc_group_036","036","kp_rrif_acc_group_03","Predujmovi za materijalnu imovinu"
"kp_rrif_acc_group_037","037","kp_rrif_acc_group_03","Materijalna imovina u pripremi"
"kp_rrif_acc_group_038","038","kp_rrif_acc_group_03","Vrijednosno usklađenje postrojenja i opreme"
"kp_rrif_acc_group_039","039","kp_rrif_acc_group_03","Akumulirana amortizacija postrojenja i opreme"
"kp_rrif_acc_group_04","04","kp_rrif_acc_group_0","BIOLOŠKA IMOVINA"
"kp_rrif_acc_group_040","040","kp_rrif_acc_group_04","Biološka imovina - bilje - višegodišnji nasadi"
"kp_rrif_acc_group_041","041","kp_rrif_acc_group_04","Biološka imovina - životinje - osnovno stado"
"kp_rrif_acc_group_046","046","kp_rrif_acc_group_04","Predujmovi za biološku imovinu"
"kp_rrif_acc_group_047","047","kp_rrif_acc_group_04","Biološka imovina u pripremi"
"kp_rrif_acc_group_048","048","kp_rrif_acc_group_04","Vrijednosno usklađenje biološke imovine"
"kp_rrif_acc_group_049","049","kp_rrif_acc_group_04","Akumulirana amortizacija biološke imovine"
"kp_rrif_acc_group_05","05","kp_rrif_acc_group_0","ULAGANJA U NEKRETNINE"
"kp_rrif_acc_group_050","050","kp_rrif_acc_group_05","Ulaganja u nekretnine - zemljišta"
"kp_rrif_acc_group_051","051","kp_rrif_acc_group_05","Ulaganja u nekretnine - građevine"
"kp_rrif_acc_group_056","056","kp_rrif_acc_group_05","Predujmovi za ulaganja u nekretnine"
"kp_rrif_acc_group_057","057","kp_rrif_acc_group_05","Ulaganja u nekretnine u pripremi"
"kp_rrif_acc_group_058","058","kp_rrif_acc_group_05","Vrijednosno usklađenje ulaganja u nekretnine"
"kp_rrif_acc_group_059","059","kp_rrif_acc_group_05","Akumulirana amortizacija ulaganja u građevine"
"kp_rrif_acc_group_06","06","kp_rrif_acc_group_0","DUGOTRAJNA FINANCIJSKA IMOVINA (s povratom dužim od jedne godine)"
"kp_rrif_acc_group_060","060","kp_rrif_acc_group_06","Udjeli (dionice) kod povezanih poduzetnika (s više od 20% udjela)"
"kp_rrif_acc_group_061","061","kp_rrif_acc_group_06","Dani zajmovi povezanim poduzetnicima (analitika po društvima u kojima se ima više od 20% udjela)"
"kp_rrif_acc_group_062","062","kp_rrif_acc_group_06","Sudjelujući interesi (udjeli)"
"kp_rrif_acc_group_063","063","kp_rrif_acc_group_06","Zajmovi dani poduzetnicima u kojima postoje sudjelujući interesi (do 20% udjela u T.K.)"
"kp_rrif_acc_group_064","064","kp_rrif_acc_group_06","Ulaganja u vrijednosne papire (dugotrajne)"
"kp_rrif_acc_group_065","065","kp_rrif_acc_group_06","Dani zajmovi, depoziti i sl."
"kp_rrif_acc_group_0650","0650","kp_rrif_acc_group_065","Dani dugotrajni zajmovi"
"kp_rrif_acc_group_0651","0651","kp_rrif_acc_group_065","Depoziti dugotrajni"
"kp_rrif_acc_group_0652","0652","kp_rrif_acc_group_065","Kaucije i kapare"
"kp_rrif_acc_group_066","066","kp_rrif_acc_group_06","Ulaganja koja se obračunavaju metodom udjela"
"kp_rrif_acc_group_067","067","kp_rrif_acc_group_06","Ostala dugotrajna financijska imovina"
"kp_rrif_acc_group_068","068","kp_rrif_acc_group_06","Vrijednosno usklađenje financijske imovine - dugotrajne (analitika prema oblicima imovine u usklađenju)"
"kp_rrif_acc_group_069","069","kp_rrif_acc_group_06","Nezarađene kamate u kreditima i sl."
"kp_rrif_acc_group_07","07","kp_rrif_acc_group_0","POTRAŽIVANJA (dulja od jedne godine)"
"kp_rrif_acc_group_070","070","kp_rrif_acc_group_07","Potraživanja od povezanih poduzetnika"
"kp_rrif_acc_group_071","071","kp_rrif_acc_group_07","Potraživanja s osnove prodaje na kredit"
"kp_rrif_acc_group_072","072","kp_rrif_acc_group_07","Potraživanja iz faktoringa"
"kp_rrif_acc_group_073","073","kp_rrif_acc_group_07","Potraživanja za jamčevine"
"kp_rrif_acc_group_074","074","kp_rrif_acc_group_07","Potraživanja u sporu i rizična potraživanja"
"kp_rrif_acc_group_075","075","kp_rrif_acc_group_07","Potraživanja za predujmove za usluge"
"kp_rrif_acc_group_076","076","kp_rrif_acc_group_07","Ostala potraživanja - dugotrajna"
"kp_rrif_acc_group_078","078","kp_rrif_acc_group_07","Vrijednosno usklađivanje dugotrajnih potraživanja"
"kp_rrif_acc_group_079","079","kp_rrif_acc_group_07","Potraživanja za nezarađenu kamatu"
"kp_rrif_acc_group_08","08","kp_rrif_acc_group_0","ODGOĐENA POREZNA IMOVINA"
"kp_rrif_acc_group_080","080","kp_rrif_acc_group_08","Odgođena privremena razlika poreza na dobitak (analitika po godinama)"
"kp_rrif_acc_group_081","081","kp_rrif_acc_group_08","Ostala odgođena porezna imovina"
"kp_rrif_acc_group_1","1",,"NOVAC, KRATKOTRAJNA FINANCIJSKA IMOVINA, KRATKOTRAJNA POTRAŽIVANJA, TROŠKOVI I PRIHOD BUDUĆEG RAZDOBLJA"
"kp_rrif_acc_group_10","10","kp_rrif_acc_group_1","NOVAC U BANKAMA I BLAGAJNAMA"
"kp_rrif_acc_group_100","100","kp_rrif_acc_group_10","Transakcijski računi u bankama"
"kp_rrif_acc_group_101","101","kp_rrif_acc_group_10","Otvoreni akreditiv u domaćoj banci"
"kp_rrif_acc_group_102","102","kp_rrif_acc_group_10","Blagajne"
"kp_rrif_acc_group_103","103","kp_rrif_acc_group_10","Devizni računi"
"kp_rrif_acc_group_104","104","kp_rrif_acc_group_10","Otvoreni akreditiv u stranim valutama"
"kp_rrif_acc_group_105","105","kp_rrif_acc_group_10","Devizna blagajna"
"kp_rrif_acc_group_106","106","kp_rrif_acc_group_10","Novac za kupnju deviza"
"kp_rrif_acc_group_108","108","kp_rrif_acc_group_10","Ostala novčana sredstva"
"kp_rrif_acc_group_109","109","kp_rrif_acc_group_10","Vrijednosno usklađenje depozita u bankama"
"kp_rrif_acc_group_11","11","kp_rrif_acc_group_1","KRATKOTRAJNA FINANCIJSKA IMOVINA (do jedne godine)"
"kp_rrif_acc_group_110","110","kp_rrif_acc_group_11","Udjeli (dionice) u povezanim poduzetnicima"
"kp_rrif_acc_group_111","111","kp_rrif_acc_group_11","Dani zajmovi povezanim poduzetnicima"
"kp_rrif_acc_group_112","112","kp_rrif_acc_group_11","Sudjelujući interesi (udjeli)"
"kp_rrif_acc_group_113","113","kp_rrif_acc_group_11","Zajmovi dani poduzetnicima u kojima postoje sudjelujući interesi (do 20% udjela)"
"kp_rrif_acc_group_114","114","kp_rrif_acc_group_11","Ulaganja u vrijednosne papire"
"kp_rrif_acc_group_1141","1141","kp_rrif_acc_group_114","Mjenice"
"kp_rrif_acc_group_115","115","kp_rrif_acc_group_11","Dani zajmovi, depoziti i sl."
"kp_rrif_acc_group_1150","1150","kp_rrif_acc_group_115","Dani kratkotrajni zajmovi"
"kp_rrif_acc_group_1151","1151","kp_rrif_acc_group_115","Depoziti (do jedne godine)"
"kp_rrif_acc_group_1152","1152","kp_rrif_acc_group_115","Kaucije i jamčevine (do jedne godine)"
"kp_rrif_acc_group_116","116","kp_rrif_acc_group_11","Potraživanja iz ulaganja u investicijske fondove"
"kp_rrif_acc_group_117","117","kp_rrif_acc_group_11","Ostala financijska imovina"
"kp_rrif_acc_group_118","118","kp_rrif_acc_group_11","Potraživanja u sporu (npr. utužena, u stečaju i sl. iz fin. imovine)"
"kp_rrif_acc_group_119","119","kp_rrif_acc_group_11","Vrijednosno usklađivanje financijske imovine - kratkotrajne (analitika po otpisima iz ove skupine računa)"
"kp_rrif_acc_group_12","12","kp_rrif_acc_group_1","POTRAŽIVANJA (KRATKOTRAJNA)"
"kp_rrif_acc_group_120","120","kp_rrif_acc_group_12","Potraživanja od kupaca"
"kp_rrif_acc_group_121","121","kp_rrif_acc_group_12","Kupci iz EU i inozemstva"
"kp_rrif_acc_group_122","122","kp_rrif_acc_group_12","Potraživanja od povezanih poduzetnika (s više od 20% udjela - ovisni poduzet.)"
"kp_rrif_acc_group_123","123","kp_rrif_acc_group_12","Potraživanja od sudjelujućih poduzetnika (u kojima se drži manje od 20% udjela)"
"kp_rrif_acc_group_124","124","kp_rrif_acc_group_12","Potraživanja za kamate"
"kp_rrif_acc_group_125","125","kp_rrif_acc_group_12","Potraživanja za predujmove za usluge (koje nisu u svezi sa zalihama i dugotr. imov.)"
"kp_rrif_acc_group_126","126","kp_rrif_acc_group_12","Potraživanja iz vanjskotrgovačkog poslovanja (s osnove uvoza odnosno izvoza za tuđi račun)"
"kp_rrif_acc_group_127","127","kp_rrif_acc_group_12","Potraživanja s osnove ostalih aktivnosti"
"kp_rrif_acc_group_128","128","kp_rrif_acc_group_12","Ostala kratkoročna potraživanja"
"kp_rrif_acc_group_129","129","kp_rrif_acc_group_12","Vrijednosno usklađenje potraživanja"
"kp_rrif_acc_group_13","13","kp_rrif_acc_group_1","POTRAŽIVANJA OD ZAPOSLENIH I OSTALA POTRAŽIVANJA (kratkotrajna)"
"kp_rrif_acc_group_130","130","kp_rrif_acc_group_13","Potraživanja od zaposlenih"
"kp_rrif_acc_group_131","131","kp_rrif_acc_group_13","Potraživanja od vanjskih suradnika"
"kp_rrif_acc_group_133","133","kp_rrif_acc_group_13","Potraživanja od članova poduzetnika"
"kp_rrif_acc_group_134","134","kp_rrif_acc_group_13","Potraživanja u sporu i rizična potraživanja (iz skupine 12 i 13)"
"kp_rrif_acc_group_135","135","kp_rrif_acc_group_13","Potraživanja za sredstva u slobodnoj zoni"
"kp_rrif_acc_group_136","136","kp_rrif_acc_group_13","Potraživanja za prodaju na potrošački kredit"
"kp_rrif_acc_group_137","137","kp_rrif_acc_group_13","Potraživanja od poslovnih jedinica u inozemstvu"
"kp_rrif_acc_group_138","138","kp_rrif_acc_group_13","Ostala poslovna potraživanja"
"kp_rrif_acc_group_139","139","kp_rrif_acc_group_13","Vrijednosno usklađenje potraživanja od zaposlenih članova društva i ostalih potraživanja"
"kp_rrif_acc_group_14","14","kp_rrif_acc_group_1","POTRAŽIVANJA OD DRŽAVE ZA POREZE, CARINU I DOPRINOSE"
"kp_rrif_acc_group_140","140","kp_rrif_acc_group_14","Porez na dodanu vrijednost"
"kp_rrif_acc_group_1400","1400","kp_rrif_acc_group_140","Pretporez po primljenim isporukama i predujmovima u RH"
"kp_rrif_acc_group_14001","14001","kp_rrif_acc_group_1400","Pretporez po ulaznim računima"
"kp_rrif_acc_group_14002","14002","kp_rrif_acc_group_1400","Pretporez iz predujmova"
"kp_rrif_acc_group_14003","14003","kp_rrif_acc_group_1400","Ispravci pretporeza"
"kp_rrif_acc_group_1401","1401","kp_rrif_acc_group_140","Pretporez iz prenesene porezne obveze u tuzemstvu - 25%"
"kp_rrif_acc_group_1402","1402","kp_rrif_acc_group_140","Pretporez od stjecanja dobara unutar EU"
"kp_rrif_acc_group_1403","1403","kp_rrif_acc_group_140","Pretporez od primljenih usluga iz EU"
"kp_rrif_acc_group_1404","1404","kp_rrif_acc_group_140","Pretporez od primljenih isporuka dobara i usluga od poreznih obveznika bez sjedišta u RH"
"kp_rrif_acc_group_1405","1405","kp_rrif_acc_group_140","PDV pri uvozu dobara"
"kp_rrif_acc_group_1407","1407","kp_rrif_acc_group_140","Potraživanja za razliku većeg pretporeza od obveza"
"kp_rrif_acc_group_1408","1408","kp_rrif_acc_group_140","Pretporez koji još nije moguće priznati"
"kp_rrif_acc_group_1409","1409","kp_rrif_acc_group_140","Pretporez u drugim zemljama u kojima je porezni obveznik registriran za potrebe PDV-a (moguća analitika po zemljama)"
"kp_rrif_acc_group_141","141","kp_rrif_acc_group_14","Potraživanja za porez i prirez na dohodak iz plaća i drugih primanja"
"kp_rrif_acc_group_142","142","kp_rrif_acc_group_14","Potraživanja za više plaćene doprinose iz plaća i na plaće"
"kp_rrif_acc_group_143","143","kp_rrif_acc_group_14","Potraživanja za porez na dobitak i po odbitku"
"kp_rrif_acc_group_144","144","kp_rrif_acc_group_14","Potraživanja za posebne poreze (akcize - trošarine) i dr. poreze od države"
"kp_rrif_acc_group_145","145","kp_rrif_acc_group_14","Potraživanja za plaćenu članarinu turističkim zajed."
"kp_rrif_acc_group_146","146","kp_rrif_acc_group_14","Potraživanja za članarine komori (HGK ili HOK)"
"kp_rrif_acc_group_147","147","kp_rrif_acc_group_14","Potraživanja za carinu i više plaćene carinske pristojbe"
"kp_rrif_acc_group_148","148","kp_rrif_acc_group_14","Potraživanja za županijski i općinski (gradski) porez"
"kp_rrif_acc_group_149","149","kp_rrif_acc_group_14","Potraživanja za ostale nespomenute poreze, doprinose, takse i pristojbe"
"kp_rrif_acc_group_15","15","kp_rrif_acc_group_1","OSTALA POTRAŽIVANJA OD DRŽAVNIH I DRUGIH INSTITUCIJA"
"kp_rrif_acc_group_150","150","kp_rrif_acc_group_15","Potraživanje za nadoknade bolovanja od HZZO"
"kp_rrif_acc_group_151","151","kp_rrif_acc_group_15","Potraživanja od mirovinskog osiguranja"
"kp_rrif_acc_group_152","152","kp_rrif_acc_group_15","Potraživanja od lokalne samouprave"
"kp_rrif_acc_group_153","153","kp_rrif_acc_group_15","Potraživ. za regrese, premije, stimulac. i držav. potpore"
"kp_rrif_acc_group_154","154","kp_rrif_acc_group_15","Potraživanje od Fonda za otkupljenu ambalažu"
"kp_rrif_acc_group_155","155","kp_rrif_acc_group_15","Ostala potraživanja od državnih institucija"
"kp_rrif_acc_group_159","159","kp_rrif_acc_group_15","Vrijednosno usklađenje potraživanja od države i drugih institucija"
"kp_rrif_acc_group_19","19","kp_rrif_acc_group_1","PLAĆENI TROŠKOVI BUDUĆEG RAZDOBLJA I OBRAČUNANI PRIHODI"
"kp_rrif_acc_group_190","190","kp_rrif_acc_group_19","Unaprijed plaćeni troškovi"
"kp_rrif_acc_group_191","191","kp_rrif_acc_group_19","Obračunani prihodi (budućeg razdoblja)"
"kp_rrif_acc_group_192","192","kp_rrif_acc_group_19","Unaprijed plaćeni ovisni troškovi nabave (koji nisu na 651)"
"kp_rrif_acc_group_193","193","kp_rrif_acc_group_19","Troškovi kamata iz budućeg razdoblja"
"kp_rrif_acc_group_194","194","kp_rrif_acc_group_19","Unaprijed plaćeni troškovi koncesija (za razdoblje do 12 mj.)"
"kp_rrif_acc_group_195","195","kp_rrif_acc_group_19","Unaprijed plaćene franšize, trgovačko znakovlje, prava i sl. (do 12 mj.)"
"kp_rrif_acc_group_196","196","kp_rrif_acc_group_19","Unaprijed plaćene licencije i patenti (do 12 mj.)"
"kp_rrif_acc_group_197","197","kp_rrif_acc_group_19","Derivativ - instrument zaštite (MRS 39. t. 71.)"
"kp_rrif_acc_group_199","199","kp_rrif_acc_group_19","Ostali plaćeni troškovi budućeg razdoblja"
"kp_rrif_acc_group_2","2",,"KRATKOROČNE I DUGOROČNE OBVEZE, DUGOROČNA REZERVIRANJA, ODGOĐENA PLAĆANJA I PRIHODI BUDUĆEG RAZDOBLJA"
"kp_rrif_acc_group_20","20","kp_rrif_acc_group_2","KRATKOROČNE OBVEZE PREMA POVEZANIM PODUZETNICIMA I S OSNOVE UDJELA U REZULTATU (do jedne godine)"
"kp_rrif_acc_group_200","200","kp_rrif_acc_group_20","Obveze prema povezanim poduzetnicima"
"kp_rrif_acc_group_201","201","kp_rrif_acc_group_20","Obveze s osnove udjela u rezultatu"
"kp_rrif_acc_group_21","21","kp_rrif_acc_group_2","KRATKOROČNE FINANCIJSKE OBVEZE"
"kp_rrif_acc_group_210","210","kp_rrif_acc_group_21","Obveze za izdane čekove"
"kp_rrif_acc_group_211","211","kp_rrif_acc_group_21","Obveze za izdane mjenice"
"kp_rrif_acc_group_212","212","kp_rrif_acc_group_21","Obveze po izdanim vrijednosnim papirima"
"kp_rrif_acc_group_213","213","kp_rrif_acc_group_21","Obveze prema poduzetnicima u kojima postoje sudjelujući interesi (do 20% udjela)"
"kp_rrif_acc_group_214","214","kp_rrif_acc_group_21","Obveze s osnove zajmova, depozita i sl."
"kp_rrif_acc_group_215","215","kp_rrif_acc_group_21","Obveze prema bankama i drugim financijskim institucijama"
"kp_rrif_acc_group_216","216","kp_rrif_acc_group_21","Obveze prema izdavateljima kreditnih kartica (analitika prema kartičarima)"
"kp_rrif_acc_group_217","217","kp_rrif_acc_group_21","Obveze iz eskontnih poslova"
"kp_rrif_acc_group_218","218","kp_rrif_acc_group_21","Obveze s osnove dugotrajne imovine namijenjene prodaji (analitika prema izvorima)"
"kp_rrif_acc_group_22","22","kp_rrif_acc_group_2","OBVEZE PREMA DOBAVLJAČIMA, ZA PREDUJMOVE I OSTALE OBVEZE"
"kp_rrif_acc_group_220","220","kp_rrif_acc_group_22","Obveze prema dobavljačima u zemlji (analitika prema dobavljačima)"
"kp_rrif_acc_group_221","221","kp_rrif_acc_group_22","Dobavljači iz EU i inozemstva (analitika prema dobavljačima)"
"kp_rrif_acc_group_222","222","kp_rrif_acc_group_22","Dobavljači fizičke osobe"
"kp_rrif_acc_group_223","223","kp_rrif_acc_group_22","Dobavljači komunalnih usluga"
"kp_rrif_acc_group_224","224","kp_rrif_acc_group_22","Obveze za nefakturirane a preuzete isporuke robe i usluge"
"kp_rrif_acc_group_225","225","kp_rrif_acc_group_22","Obveze za predujmove"
"kp_rrif_acc_group_23","23","kp_rrif_acc_group_2","OBVEZE PREMA ZAPOSLENIMA I OSTALE OBVEZE"
"kp_rrif_acc_group_230","230","kp_rrif_acc_group_23","Obveze prema zaposlenicima"
"kp_rrif_acc_group_2306","2306","kp_rrif_acc_group_230","Obveze za obustave iz neto-plaća i nadoknada plaća"
"kp_rrif_acc_group_231","231","kp_rrif_acc_group_23","Kratkoročne obveze iz nabava i potpora"
"kp_rrif_acc_group_232","232","kp_rrif_acc_group_23","Obveze za kamate (analitika prema dužnicima i vrstama obveza prema nepovezanim društvima)"
"kp_rrif_acc_group_233","233","kp_rrif_acc_group_23","Obveze po obračunu prodanih dobara primljenih u komisiju ili konsignaciju"
"kp_rrif_acc_group_234","234","kp_rrif_acc_group_23","Obveze prema osiguravajućim društvima"
"kp_rrif_acc_group_235","235","kp_rrif_acc_group_23","Obveze iz poslovanja u slobodnoj zoni"
"kp_rrif_acc_group_236","236","kp_rrif_acc_group_23","Obveze iz vanjskotrgovačkog poslovanja"
"kp_rrif_acc_group_237","237","kp_rrif_acc_group_23","Obveze prema poslovnim jedinicama u inozemstvu"
"kp_rrif_acc_group_238","238","kp_rrif_acc_group_23","Obveze iz stjecanja udjela"
"kp_rrif_acc_group_239","239","kp_rrif_acc_group_23","Ostale kratkoročne obveze"
"kp_rrif_acc_group_24","24","kp_rrif_acc_group_2","KRATKOROČNE OBVEZE ZA POREZE, DOPRINOSE I SLIČNA DAVANJA"
"kp_rrif_acc_group_240","240","kp_rrif_acc_group_24","Obveze za porez na dodanu vrijednost"
"kp_rrif_acc_group_2400","2400","kp_rrif_acc_group_240","Obveze za PDV"
"kp_rrif_acc_group_24001","24001","kp_rrif_acc_group_2400","Obveza za PDV po isporukama"
"kp_rrif_acc_group_24002","24002","kp_rrif_acc_group_2400","Obveza za PDV za primljene predujmove"
"kp_rrif_acc_group_24003","24003","kp_rrif_acc_group_2400","Obveza za PDV po nezaračunanim isporukama"
"kp_rrif_acc_group_2401","2401","kp_rrif_acc_group_240","Obveza za PDV iz prenesene porezne obveze iz tuzemstva - 25%"
"kp_rrif_acc_group_2402","2402","kp_rrif_acc_group_240","Obveze za PDV za stjecanje dobara iz EU"
"kp_rrif_acc_group_2403","2403","kp_rrif_acc_group_240","Obveze za PDV za primljene usluge iz EU"
"kp_rrif_acc_group_2404","2404","kp_rrif_acc_group_240","Obveza PDV-a od poreznih obveznika bez sjedišta u RH"
"kp_rrif_acc_group_2406","2406","kp_rrif_acc_group_240","Obveze za PDV koje se ne izvještavaju u obrascu PDV-a"
"kp_rrif_acc_group_2407","2407","kp_rrif_acc_group_240","Obveza za razliku poreza i pretporeza"
"kp_rrif_acc_group_2409","2409","kp_rrif_acc_group_240","Obveza za PDV u drugim zemljama u kojima je porezni obveznik registriran za potrebe PDV-a (moguća analitika po zemljama)"
"kp_rrif_acc_group_241","241","kp_rrif_acc_group_24","Obveze za porez i prirez na dohodak"
"kp_rrif_acc_group_242","242","kp_rrif_acc_group_24","Obveze za doprinose za osiguranja"
"kp_rrif_acc_group_2427","2427","kp_rrif_acc_group_242","Doprinosi za osiguranja na druge dohotke"
"kp_rrif_acc_group_243","243","kp_rrif_acc_group_24","Obveze za porez na dobitak, dohodak od kapitala i porez po odbitku"
"kp_rrif_acc_group_2431","2431","kp_rrif_acc_group_243","Obveze za porez na dohotke od kapitala"
"kp_rrif_acc_group_244","244","kp_rrif_acc_group_24","Obveze za posebne poreze (trošarine - akcize) i dr. poreze državi"
"kp_rrif_acc_group_245","245","kp_rrif_acc_group_24","Obveze za članarinu turističkim zajednicama"
"kp_rrif_acc_group_246","246","kp_rrif_acc_group_24","Obveze za članarinu komori"
"kp_rrif_acc_group_247","247","kp_rrif_acc_group_24","Obveze za carinu i carinske pristojbe"
"kp_rrif_acc_group_248","248","kp_rrif_acc_group_24","Obveze za županijske (gradske) i općinske poreze"
"kp_rrif_acc_group_249","249","kp_rrif_acc_group_24","Ostale obveze javnih davanja"
"kp_rrif_acc_group_25","25","kp_rrif_acc_group_2","DUGOROČNE OBVEZE (za duže od jedne godine)"
"kp_rrif_acc_group_250","250","kp_rrif_acc_group_25","Obveze prema povezanim poduzetnicima"
"kp_rrif_acc_group_251","251","kp_rrif_acc_group_25","Obveze za zajmove, depozite i sl."
"kp_rrif_acc_group_252","252","kp_rrif_acc_group_25","Obveze prema bankama i dr. financijskim institucijama"
"kp_rrif_acc_group_253","253","kp_rrif_acc_group_25","Dugoročne obveze iz financijskog lizinga"
"kp_rrif_acc_group_254","254","kp_rrif_acc_group_25","Obveze za predujmove"
"kp_rrif_acc_group_255","255","kp_rrif_acc_group_25","Obveze prema dobavljačima (neisplaćene dugoročne obveze prema vjerovnicima s osnove poslovanja)"
"kp_rrif_acc_group_256","256","kp_rrif_acc_group_25","Obveze po vrijednosnim papirima (dugoročnim)"
"kp_rrif_acc_group_257","257","kp_rrif_acc_group_25","Obveze prema poduzetnicima u kojima postoje sudjelujući interesi (do 20% udjela)"
"kp_rrif_acc_group_258","258","kp_rrif_acc_group_25","Obveze prema Državi (realizirana jamstva, krediti)"
"kp_rrif_acc_group_259","259","kp_rrif_acc_group_25","Ostale dugoročne obveze"
"kp_rrif_acc_group_26","26","kp_rrif_acc_group_2","ODGOĐENI POREZI"
"kp_rrif_acc_group_260","260","kp_rrif_acc_group_26","Odgođena porezna obveza"
"kp_rrif_acc_group_28","28","kp_rrif_acc_group_2","DUGOROČNA REZERVIRANJA ZA RIZIKE I TROŠKOVE"
"kp_rrif_acc_group_280","280","kp_rrif_acc_group_28","Rezerviranja za otpremnine i mirovine"
"kp_rrif_acc_group_281","281","kp_rrif_acc_group_28","Rezerviranja za porezne obveze"
"kp_rrif_acc_group_282","282","kp_rrif_acc_group_28","Druga rezerviranja"
"kp_rrif_acc_group_29","29","kp_rrif_acc_group_2","ODGOĐENO PLAĆANJE TROŠKOVA I PRIHOD BUDUĆEG RAZDOBLJA"
"kp_rrif_acc_group_290","290","kp_rrif_acc_group_29","Odgođeno plaćanje troškova"
"kp_rrif_acc_group_291","291","kp_rrif_acc_group_29","Obračunani troškovi korištenih prava"
"kp_rrif_acc_group_292","292","kp_rrif_acc_group_29","Obračunani troškovi nabave dobara"
"kp_rrif_acc_group_293","293","kp_rrif_acc_group_29","Obračunani prihodi budućeg razdoblja"
"kp_rrif_acc_group_294","294","kp_rrif_acc_group_29","Odgođeno priznavanje prihoda iz državnih potpora (HSFI t. 15.37 i MRS 20, t. 12. i 24.)"
"kp_rrif_acc_group_295","295","kp_rrif_acc_group_29","Odgođeno priznavanje prihoda"
"kp_rrif_acc_group_296","296","kp_rrif_acc_group_29","Odgođeni prihod s osnove nefakturiranih isporuka dobara i usluga"
"kp_rrif_acc_group_297","297","kp_rrif_acc_group_29","Nerealizirani dobitci iz financijske imovine (HSFI 9 i MRS 39)"
"kp_rrif_acc_group_298","298","kp_rrif_acc_group_29","Rezerviranje troška za neiskorištene godišnje odmore"
"kp_rrif_acc_group_299","299","kp_rrif_acc_group_29","Ostala pasivna vremenska razgraničenja"
"kp_rrif_acc_group_3","3",,"ZALIHE SIROVINA I MATERIJALA, REZERVNIH DIJELOVA I SITNOG INVENTARA"
"kp_rrif_acc_group_30","30","kp_rrif_acc_group_3","OBRAČUN TROŠKOVA KUPNJE ZALIHA"
"kp_rrif_acc_group_300","300","kp_rrif_acc_group_30","Kupovna cijena dobavljača"
"kp_rrif_acc_group_301","301","kp_rrif_acc_group_30","Ovisni troškovi nabave (u svezi s dovođenjem na zalihu)"
"kp_rrif_acc_group_302","302","kp_rrif_acc_group_30","Carina i druge uvozne pristojbe"
"kp_rrif_acc_group_303","303","kp_rrif_acc_group_30","Posebni porezi (trošarine) koji se ne mogu odbiti"
"kp_rrif_acc_group_309","309","kp_rrif_acc_group_30","Obračun troškova kupnje"
"kp_rrif_acc_group_31","31","kp_rrif_acc_group_3","SIROVINE I MATERIJAL NA ZALIHI"
"kp_rrif_acc_group_310","310","kp_rrif_acc_group_31","Sirovine i materijal u skladištu"
"kp_rrif_acc_group_311","311","kp_rrif_acc_group_31","Materijal u doradi, obradi i manipulaciji"
"kp_rrif_acc_group_312","312","kp_rrif_acc_group_31","Materijal na doradi kod ortaka"
"kp_rrif_acc_group_313","313","kp_rrif_acc_group_31","Zalihe materijala za poljoprivredu"
"kp_rrif_acc_group_318","318","kp_rrif_acc_group_31","Odstupanje od cijene zaliha"
"kp_rrif_acc_group_319","319","kp_rrif_acc_group_31","Vrijednosno usklađenje zaliha sirovina i materijala"
"kp_rrif_acc_group_32","32","kp_rrif_acc_group_3","ZALIHE REZERVNIH DIJELOVA"
"kp_rrif_acc_group_320","320","kp_rrif_acc_group_32","Rezervni dijelovi na zalihi"
"kp_rrif_acc_group_328","328","kp_rrif_acc_group_32","Odstupanje od cijene dijelova na zalihi"
"kp_rrif_acc_group_329","329","kp_rrif_acc_group_32","Vrijednosno usklađenje zaliha rezervnih dijelova"
"kp_rrif_acc_group_35","35","kp_rrif_acc_group_3","ZALIHE SITNOG INVENTARA"
"kp_rrif_acc_group_350","350","kp_rrif_acc_group_35","Sitan inventar na zalihi"
"kp_rrif_acc_group_351","351","kp_rrif_acc_group_35","Ambalaža na zalihi (samo vlastita i višekratna, analitika prema vrstama)"
"kp_rrif_acc_group_352","352","kp_rrif_acc_group_35","Autogume na zalihi"
"kp_rrif_acc_group_358","358","kp_rrif_acc_group_35","Odstupanje od cijene"
"kp_rrif_acc_group_359","359","kp_rrif_acc_group_35","Vrijednosno usklađenje zaliha"
"kp_rrif_acc_group_36","36","kp_rrif_acc_group_3","ZALIHE SITNOG INVENTARA U UPORABI"
"kp_rrif_acc_group_360","360","kp_rrif_acc_group_36","Sitan inventar u uporabi"
"kp_rrif_acc_group_361","361","kp_rrif_acc_group_36","Ambalaža u uporabi"
"kp_rrif_acc_group_362","362","kp_rrif_acc_group_36","Autogume u uporabi"
"kp_rrif_acc_group_363","363","kp_rrif_acc_group_36","Otpis sitnog inventara"
"kp_rrif_acc_group_364","364","kp_rrif_acc_group_36","Otpis ambalaže"
"kp_rrif_acc_group_365","365","kp_rrif_acc_group_36","Otpis autoguma"
"kp_rrif_acc_group_369","369","kp_rrif_acc_group_36","Vrijednosno usklađenje sitnog inventara, ambalaže i autoguma"
"kp_rrif_acc_group_37","37","kp_rrif_acc_group_3","PREDUJMOVI DOBAVLJAČIMA SIROVINA I MATERIJALA, REZERVNIH DIJELOVA, SITNOG INVENTARA I AUTOGUMA"
"kp_rrif_acc_group_370","370","kp_rrif_acc_group_37","Predujmovi dobavljačima materijala"
"kp_rrif_acc_group_371","371","kp_rrif_acc_group_37","Predujmovi dobavljačima rezervnih dijelova"
"kp_rrif_acc_group_372","372","kp_rrif_acc_group_37","Predujmovi dobavljačima sitnog inventara"
"kp_rrif_acc_group_373","373","kp_rrif_acc_group_37","Predujmovi dani uvozniku za nabavu sirovina i materijala, dijelova i inventara"
"kp_rrif_acc_group_374","374","kp_rrif_acc_group_37","Predujmovi inozemnim dobavljačima"
"kp_rrif_acc_group_379","379","kp_rrif_acc_group_37","Vrijednosno usklađenje danih predujmova"
"kp_rrif_acc_group_4","4",,"TROŠKOVI PREMA VRSTAMA, FINANCIJSKI I OSTALI RASHODI"
"kp_rrif_acc_group_40","40","kp_rrif_acc_group_4","MATERIJALNI TROŠKOVI"
"kp_rrif_acc_group_400","400","kp_rrif_acc_group_40","Troškovi sirovina i materijala (za proizvodnju dobara i usluga)"
"kp_rrif_acc_group_401","401","kp_rrif_acc_group_40","Materijalni troškovi administracije, uprave i prodaje"
"kp_rrif_acc_group_402","402","kp_rrif_acc_group_40","Troškovi istraživanja i razvoja"
"kp_rrif_acc_group_403","403","kp_rrif_acc_group_40","Troškovi ambalaže"
"kp_rrif_acc_group_404","404","kp_rrif_acc_group_40","Trošak sitnog inventara, ambalaže i autoguma"
"kp_rrif_acc_group_405","405","kp_rrif_acc_group_40","Potrošeni rezervni dijelovi i materijal za održavanje"
"kp_rrif_acc_group_406","406","kp_rrif_acc_group_40","Potrošena energija u proizvodnji dobara i usluga"
"kp_rrif_acc_group_407","407","kp_rrif_acc_group_40","Potrošena energija u administraciji, upravi i prodaji"
"kp_rrif_acc_group_408","408","kp_rrif_acc_group_40","Troškovi uzoraka"
"kp_rrif_acc_group_409","409","kp_rrif_acc_group_40","Odstupanja od standardnog troška"
"kp_rrif_acc_group_41","41","kp_rrif_acc_group_4","OSTALI VANJSKI TROŠKOVI (TROŠKOVI USLUGA)"
"kp_rrif_acc_group_410","410","kp_rrif_acc_group_41","Troškovi telefona, prijevoza i sl."
"kp_rrif_acc_group_411","411","kp_rrif_acc_group_41","Troškovi vanjskih usluga pri izradi dobara i obavljanju usluga"
"kp_rrif_acc_group_412","412","kp_rrif_acc_group_41","Usluge održavanja i zaštite (servisne usluge)"
"kp_rrif_acc_group_413","413","kp_rrif_acc_group_41","Usluge registracije prijevoznih sredstava i troškovi dozvola"
"kp_rrif_acc_group_414","414","kp_rrif_acc_group_41","Usluge zakupa - lizinga"
"kp_rrif_acc_group_4149","4149","kp_rrif_acc_group_414","Troškovi ostalih najmova"
"kp_rrif_acc_group_415","415","kp_rrif_acc_group_41","Usluge promidžbe, sponzorstva i troškovi sajmova"
"kp_rrif_acc_group_416","416","kp_rrif_acc_group_41","Intelektualne i osobne usluge"
"kp_rrif_acc_group_417","417","kp_rrif_acc_group_41","Troškovi komunalnih i sličnih usluga"
"kp_rrif_acc_group_418","418","kp_rrif_acc_group_41","Usluge reprezentacije - ugošćivanja"
"kp_rrif_acc_group_419","419","kp_rrif_acc_group_41","Troškovi ostalih vanjskih usluga"
"kp_rrif_acc_group_42","42","kp_rrif_acc_group_4","TROŠKOVI OSOBLJA - PLAĆE"
"kp_rrif_acc_group_420","420","kp_rrif_acc_group_42","Neto plaće i nadoknade"
"kp_rrif_acc_group_421","421","kp_rrif_acc_group_42","Troškovi poreza i prireza"
"kp_rrif_acc_group_422","422","kp_rrif_acc_group_42","Troškovi doprinosa iz plaća"
"kp_rrif_acc_group_423","423","kp_rrif_acc_group_42","Doprinosi na plaće"
"kp_rrif_acc_group_424","424","kp_rrif_acc_group_42","Bruto plaće (privremeno v. napomenu pod 2)"
"kp_rrif_acc_group_43","43","kp_rrif_acc_group_4","AMORTIZACIJA"
"kp_rrif_acc_group_430","430","kp_rrif_acc_group_43","Amortizacija nematerijalne imovine"
"kp_rrif_acc_group_431","431","kp_rrif_acc_group_43","Amortizacija materijalne imovine"
"kp_rrif_acc_group_432","432","kp_rrif_acc_group_43","Amortizacija osobnih automobila i dr. sredstava za osobni prijevoz"
"kp_rrif_acc_group_433","433","kp_rrif_acc_group_43","Amortizacija objekata i opreme uprave i prodaje"
"kp_rrif_acc_group_434","434","kp_rrif_acc_group_43","Povećana amortizacija s temelja revalorizacije"
"kp_rrif_acc_group_435","435","kp_rrif_acc_group_43","Amortizacija biološke imovine (vinogradi, voćnjaci, osnovno stado i sl.)"
"kp_rrif_acc_group_436","436","kp_rrif_acc_group_43","Amortizacija iznad porezno dopuštene"
"kp_rrif_acc_group_44","44","kp_rrif_acc_group_4","VRIJEDNOSNO USKLAĐENJE DUGOTRAJNE I KRATKOTRAJNE IMOVINE"
"kp_rrif_acc_group_440","440","kp_rrif_acc_group_44","Vrijednosno usklađenje dugotrajne nematerijalne imovine (018)"
"kp_rrif_acc_group_441","441","kp_rrif_acc_group_44","Vrijednosno usklađenje dugotrajne materijalne imovine"
"kp_rrif_acc_group_442","442","kp_rrif_acc_group_44","Vrijednosno usklađenje dugotrajnih potraživanja (veza sa 078)"
"kp_rrif_acc_group_444","444","kp_rrif_acc_group_44","Vrijednosno usklađenje depozita u bankama, mjenica, čekova i sl. (109 i dio 119)"
"kp_rrif_acc_group_445","445","kp_rrif_acc_group_44","Vrijednosno usklađenje kratkotrajnih potraživanja"
"kp_rrif_acc_group_446","446","kp_rrif_acc_group_44","Vrijednosno usklađenje zaliha (veza s 319, 329, 359 i 369)"
"kp_rrif_acc_group_447","447","kp_rrif_acc_group_44","Vrijednosno usklađenje danih predujmova (veza s 379)"
"kp_rrif_acc_group_448","448","kp_rrif_acc_group_44","Vrijednosno usklađenje potraživanja iz predstečajne nagodbe"
"kp_rrif_acc_group_45","45","kp_rrif_acc_group_4","REZERVIRANJA (v. skupinu 28)"
"kp_rrif_acc_group_450","450","kp_rrif_acc_group_45","Troškovi dugoročnog rezerviranja za rizike u jamstvenom (garancijskom) roku (čl. 11. st. 2. ZoPD-a)"
"kp_rrif_acc_group_451","451","kp_rrif_acc_group_45","Troškovi dugoročnog rezerviranja za gubitke po započetim sudskim sporovima (čl. 11. st. 2. ZoPD-a)"
"kp_rrif_acc_group_452","452","kp_rrif_acc_group_45","Troškovi dugoročnog rezerviranja za obnovu prirodnog bogatstva (čl. 11. st. 2. ZoPD-a)"
"kp_rrif_acc_group_453","453","kp_rrif_acc_group_45","Troškovi dugoročnog rezerviranja za otpremnine (čl. 11. st. 2. ZoPD-a)"
"kp_rrif_acc_group_454","454","kp_rrif_acc_group_45","Troškovi dugoroč. rez. za neiskorišteni godišnji odmor (čl. 11. st. 5. ZoPD-a i MRS 19) - vidi rač. 298"
"kp_rrif_acc_group_455","455","kp_rrif_acc_group_45","Troškovi dugoročnog rezerviranja za restrukturiranje poduzeća (MRS 37, t. 72. i HSFI t. 16.22)"
"kp_rrif_acc_group_456","456","kp_rrif_acc_group_45","Troškovi dugoročnog rezerviranja za mirovine i slične troškove - obveze (MRS 19)"
"kp_rrif_acc_group_457","457","kp_rrif_acc_group_45","Troškovi rezerviranja po štetnim ugovorima (HSFI 16.21.)"
"kp_rrif_acc_group_459","459","kp_rrif_acc_group_45","Troškovi ostalih dugoročnih rezerviranja i troškovi rizika"
"kp_rrif_acc_group_46","46","kp_rrif_acc_group_4","OSTALI TROŠKOVI POSLOVANJA"
"kp_rrif_acc_group_460","460","kp_rrif_acc_group_46","Dnevnice za službena putovanja i putni troškovi"
"kp_rrif_acc_group_461","461","kp_rrif_acc_group_46","Nadoknade troškova, darovi i potpore"
"kp_rrif_acc_group_462","462","kp_rrif_acc_group_46","Troškovi članova uprave"
"kp_rrif_acc_group_463","463","kp_rrif_acc_group_46","Troškovi reprezentacije i promidžbe (interne)"
"kp_rrif_acc_group_464","464","kp_rrif_acc_group_46","Premije osiguranja"
"kp_rrif_acc_group_465","465","kp_rrif_acc_group_46","Bankovne usluge i troškovi platnog prometa"
"kp_rrif_acc_group_466","466","kp_rrif_acc_group_46","Članarine, nadoknade i slična davanja"
"kp_rrif_acc_group_467","467","kp_rrif_acc_group_46","Porezi koji ne ovise o dobitku i pristojbe"
"kp_rrif_acc_group_4671","4671","kp_rrif_acc_group_467","Porez (imovinski) na cestovna vozila, plovila i zrakoplove"
"kp_rrif_acc_group_4679","4679","kp_rrif_acc_group_467","Ostali porezi i pristojbe"
"kp_rrif_acc_group_468","468","kp_rrif_acc_group_46","Troškovi prava korištenja (osim najmova)"
"kp_rrif_acc_group_469","469","kp_rrif_acc_group_46","Ostali troškovi poslovanja - nematerijalni"
"kp_rrif_acc_group_4690","4690","kp_rrif_acc_group_469","Troškovi obrazovanja i izobrazbe zaposlenika (stručno obrazovanje, seminari, simpoziji, stručni ispiti, stručno usavršavanje, prekvalifikacije, stručni i specijalistički studij, doktorati, učenje jezika i sl.)"
"kp_rrif_acc_group_47","47","kp_rrif_acc_group_4","FINANCIJSKI RASHODI"
"kp_rrif_acc_group_470","470","kp_rrif_acc_group_47","Kamate od povezanih društava"
"kp_rrif_acc_group_471","471","kp_rrif_acc_group_47","Tečajne razlike iz odnosa s povezanim društvima"
"kp_rrif_acc_group_472","472","kp_rrif_acc_group_47","Ostali troškovi iz odnosa s povezanim poduzetnicima"
"kp_rrif_acc_group_473","473","kp_rrif_acc_group_47","Kamate iz odnosa s nepovezanim društvima"
"kp_rrif_acc_group_474","474","kp_rrif_acc_group_47","Zatezne kamate"
"kp_rrif_acc_group_475","475","kp_rrif_acc_group_47","Tečajne razlike iz odnosa s nepovezanim društvima"
"kp_rrif_acc_group_476","476","kp_rrif_acc_group_47","Gubitci iz ulaganja u dionice, udjele, obveznice i dr. vrijednosne papire (koji su prodani ispod troška nabave - čl. 10. ZoPD"
"kp_rrif_acc_group_477","477","kp_rrif_acc_group_47","Troškovi diskonta i nagodbi"
"kp_rrif_acc_group_478","478","kp_rrif_acc_group_47","Nerealizirani gubitci (rashodi) od financ. imovine"
"kp_rrif_acc_group_479","479","kp_rrif_acc_group_47","Ostali financijski troškovi"
"kp_rrif_acc_group_48","48","kp_rrif_acc_group_4","OSTALI POSLOVNI RASHODI"
"kp_rrif_acc_group_480","480","kp_rrif_acc_group_48","Trošak naknadnih popusta, sniženja, reklamacija i troškovi uzoraka"
"kp_rrif_acc_group_481","481","kp_rrif_acc_group_48","Otpisi vrijednosno neusklađenih potraživanja"
"kp_rrif_acc_group_4811","4811","kp_rrif_acc_group_481","Izravni otpisi nenaplaćenih potraživanja od kupaca i drugih koja nisu vrijednosno usklađena"
"kp_rrif_acc_group_482","482","kp_rrif_acc_group_48","Rashodi - otpisi nematerijalne i materijalne imovine"
"kp_rrif_acc_group_483","483","kp_rrif_acc_group_48","Manjkovi i provalne krađe na zalihama i drugim sredstvima"
"kp_rrif_acc_group_484","484","kp_rrif_acc_group_48","Kazne, penali, nadoknade šteta i troškovi iz ugovora"
"kp_rrif_acc_group_485","485","kp_rrif_acc_group_48","Naknadno utvrđeni troškovi poslovanja"
"kp_rrif_acc_group_486","486","kp_rrif_acc_group_48","Darovanje do 2% od ukupnog prihoda"
"kp_rrif_acc_group_487","487","kp_rrif_acc_group_48","Darovanja iznad 2% od UP i dr. darovanja"
"kp_rrif_acc_group_488","488","kp_rrif_acc_group_48","Troškovi iz drugih aktivnosti (izvan osnovne djelatnosti)"
"kp_rrif_acc_group_489","489","kp_rrif_acc_group_48","Ostali troškovi - rashodi (čl. 7. ZoPD-a)"
"kp_rrif_acc_group_49","49","kp_rrif_acc_group_4","RASPORED TROŠKOVA"
"kp_rrif_acc_group_490","490","kp_rrif_acc_group_49","Raspored troškova za obračun proizvoda i usluga (prema HSFI 10 i MRS-u 2 i MRS-u 11) - uskladištivi troškovi (na račune 60, 62 i 63)"
"kp_rrif_acc_group_491","491","kp_rrif_acc_group_49","Raspored troškova za pokriće upravnih, administrativnih, prodajnih i drugih troškova (na račune 70 i 71)"
"kp_rrif_acc_group_6","6",,"PROIZVODNJA, BIOLOŠKA IMOVINA, GOTOVI PROIZVODI, ROBA I DUGOTRAJNA IMOVINA NAMIJENJENA PRODAJI"
"kp_rrif_acc_group_60","60","kp_rrif_acc_group_6","PROIZVODNJA - TROŠKOVI KONVERZIJE"
"kp_rrif_acc_group_600","600","kp_rrif_acc_group_60","Proizvodnja u tijeku (razrada po serijama, nositeljima troškova, mjestima, pogonima, gradilištima, objektima, radnim nalozima i sl.)"
"kp_rrif_acc_group_601","601","kp_rrif_acc_group_60","Vrijednost usluga (u tijeku ili nedovršenih na datum bilance - MRS 2, t. 16.)"
"kp_rrif_acc_group_602","602","kp_rrif_acc_group_60","Vanjska proizvodnja (kooperacija i dr.)"
"kp_rrif_acc_group_605","605","kp_rrif_acc_group_60","Proizvodnja u slobodnoj zoni"
"kp_rrif_acc_group_606","606","kp_rrif_acc_group_60","Proizvodnja u doradi i manipulaciji"
"kp_rrif_acc_group_607","607","kp_rrif_acc_group_60","Obustavljena proizvodnja"
"kp_rrif_acc_group_608","608","kp_rrif_acc_group_60","Proizvodnja u tijeku iz ortačkog ugovora"
"kp_rrif_acc_group_609","609","kp_rrif_acc_group_60","Vrijednosno usklađivanje proizvodnje - usluga"
"kp_rrif_acc_group_61","61","kp_rrif_acc_group_6","NEDOVRŠENI PROIZVODI I POLUPROIZVODI"
"kp_rrif_acc_group_610","610","kp_rrif_acc_group_61","Zalihe poluproizvoda (analitika prema osnovnim skupinama ili po stupnju dovršenosti)"
"kp_rrif_acc_group_611","611","kp_rrif_acc_group_61","Nedovršeni proizvodi i poluproizvodi (analitika po vrstama proizvoda)"
"kp_rrif_acc_group_619","619","kp_rrif_acc_group_61","Vrijednosno usklađivanje nedovršenih proizvoda i poluproizvoda"
"kp_rrif_acc_group_62","62","kp_rrif_acc_group_6","BIOLOŠKA IMOVINA"
"kp_rrif_acc_group_620","620","kp_rrif_acc_group_62","Zalihe biološke proizvodnje u toku"
"kp_rrif_acc_group_621","621","kp_rrif_acc_group_62","Zaliha biloške imovine za prodaju"
"kp_rrif_acc_group_629","629","kp_rrif_acc_group_62","Vrijednosno usklađivanje biloške imovine"
"kp_rrif_acc_group_63","63","kp_rrif_acc_group_6","ZALIHE GOTOVIH PROIZVODA"
"kp_rrif_acc_group_630","630","kp_rrif_acc_group_63","Gotovi proizvodi na skladištu (razrada za svako skladište a unutar toga po skupinama, tipovima, vrstama i sl. te poljoprivredni gotovi proizvodi)"
"kp_rrif_acc_group_631","631","kp_rrif_acc_group_63","Gotovi proizvodi u javnom skladištu, silosu, i dr."
"kp_rrif_acc_group_632","632","kp_rrif_acc_group_63","Gotovi proizvodi dani u komisijsku prodaju"
"kp_rrif_acc_group_633","633","kp_rrif_acc_group_63","Gotovi proizvodi dani u konsignacijsku prodaju"
"kp_rrif_acc_group_634","634","kp_rrif_acc_group_63","Gotovi proizvodi u doradi, obradi i manipulaciji"
"kp_rrif_acc_group_635","635","kp_rrif_acc_group_63","Gotovi proizvodi u slobodnoj zoni"
"kp_rrif_acc_group_636","636","kp_rrif_acc_group_63","Zalihe nekurentnih proizvoda i otpadaka"
"kp_rrif_acc_group_637","637","kp_rrif_acc_group_63","Gotovi proizvodi u izložbenim prostorima"
"kp_rrif_acc_group_638","638","kp_rrif_acc_group_63","Gotovi proizvodi iz ortaštava"
"kp_rrif_acc_group_639","639","kp_rrif_acc_group_63","Vrijednosno usklađivanje zaliha gotovih proizvoda"
"kp_rrif_acc_group_64","64","kp_rrif_acc_group_6","GOTOVI PROIZVODI U VLASTITIM PRODAVAONICAMA"
"kp_rrif_acc_group_640","640","kp_rrif_acc_group_64","Gotovi proizvodi u prodaji u vlastitim prodavaonicama (analitika po prodavaonicama)"
"kp_rrif_acc_group_641","641","kp_rrif_acc_group_64","Uračunani PDV u vrijednosti proizvoda"
"kp_rrif_acc_group_642","642","kp_rrif_acc_group_64","Uračunani porez na luksuz"
"kp_rrif_acc_group_648","648","kp_rrif_acc_group_64","Uračunana marža u prodajnoj cijeni gotovih proizvoda"
"kp_rrif_acc_group_649","649","kp_rrif_acc_group_64","Vrijednosno usklađivanje gotovih proizvoda u prodavaonicama"
"kp_rrif_acc_group_65","65","kp_rrif_acc_group_6","OBRAČUN TROŠKOVA NABAVE ROBE - TROŠKOVI KUPNJE"
"kp_rrif_acc_group_650","650","kp_rrif_acc_group_65","Kupovna cijena robe od dobavljača"
"kp_rrif_acc_group_651","651","kp_rrif_acc_group_65","Ostali troškovi nabave u svezi s dovođenjem robe na zalihu"
"kp_rrif_acc_group_652","652","kp_rrif_acc_group_65","Carina i druge uvozne pristojbe za robu"
"kp_rrif_acc_group_653","653","kp_rrif_acc_group_65","Posebni porezi i trošarine (analitika)"
"kp_rrif_acc_group_659","659","kp_rrif_acc_group_65","Obračun nabave - trošak kupnje"
"kp_rrif_acc_group_66","66","kp_rrif_acc_group_6","ROBA"
"kp_rrif_acc_group_660","660","kp_rrif_acc_group_66","Roba u skladištu"
"kp_rrif_acc_group_661","661","kp_rrif_acc_group_66","Roba u tuđem skladištu i izlozima"
"kp_rrif_acc_group_662","662","kp_rrif_acc_group_66","Roba dana u komisijsku ili konsignacijsku prodaju"
"kp_rrif_acc_group_663","663","kp_rrif_acc_group_66","Roba u prodavaonicama"
"kp_rrif_acc_group_664","664","kp_rrif_acc_group_66","Uračunani porezi u robi"
"kp_rrif_acc_group_665","665","kp_rrif_acc_group_66","Roba u poreznom skladištu ili u slobodnoj zoni"
"kp_rrif_acc_group_666","666","kp_rrif_acc_group_66","Roba u doradi, obradi i manipulaciji"
"kp_rrif_acc_group_667","667","kp_rrif_acc_group_66","Roba na putu"
"kp_rrif_acc_group_668","668","kp_rrif_acc_group_66","Uračunana razlika u cijeni robe"
"kp_rrif_acc_group_669","669","kp_rrif_acc_group_66","Vrijednosno usklađivanje zaliha robe"
"kp_rrif_acc_group_67","67","kp_rrif_acc_group_6","PREDUJMOVI ZA NABAVU ROBE"
"kp_rrif_acc_group_670","670","kp_rrif_acc_group_67","Dani predujmovi za nabavu robe"
"kp_rrif_acc_group_671","671","kp_rrif_acc_group_67","Dani predujmovi uvozniku za nabavu robe"
"kp_rrif_acc_group_672","672","kp_rrif_acc_group_67","Dani predujmovi za robu povezanom društvu"
"kp_rrif_acc_group_673","673","kp_rrif_acc_group_67","Dani predujmovi za nabavu bioloških proizvoda"
"kp_rrif_acc_group_679","679","kp_rrif_acc_group_67","Vrijednosno usklađenje danih predujmova za robu"
"kp_rrif_acc_group_68","68","kp_rrif_acc_group_6","NEKRETNINE I UMJETNINE ZA TRGOVANJE"
"kp_rrif_acc_group_680","680","kp_rrif_acc_group_68","Nabavna vrijednost nekretnina za preprodaju (s porezom na promet)"
"kp_rrif_acc_group_681","681","kp_rrif_acc_group_68","Troškovi dodatnog uređenja - dorade"
"kp_rrif_acc_group_682","682","kp_rrif_acc_group_68","Umjetnine u prodaji"
"kp_rrif_acc_group_683","683","kp_rrif_acc_group_68","Nekretnine za prodaju (uređene)"
"kp_rrif_acc_group_684","684","kp_rrif_acc_group_68","Uračunani PDV u umjetnine"
"kp_rrif_acc_group_685","685","kp_rrif_acc_group_68","Oldtimeri za trgovanje"
"kp_rrif_acc_group_687","687","kp_rrif_acc_group_68","Predujmovi za kupnju nekretnina radi daljnje prodaje"
"kp_rrif_acc_group_688","688","kp_rrif_acc_group_68","Uračunana razlika u cijeni nekretnina i umjetnina za daljnju prodaju"
"kp_rrif_acc_group_689","689","kp_rrif_acc_group_68","Vrijednosno usklađivanje nekretnina i umjetnina u prometu i predujmova"
"kp_rrif_acc_group_69","69","kp_rrif_acc_group_6","DUGOTRAJNA IMOVINA NAMIJENJENA PRODAJI"
"kp_rrif_acc_group_690","690","kp_rrif_acc_group_69","Nematerijalna imovina namijenjena prodaji"
"kp_rrif_acc_group_691","691","kp_rrif_acc_group_69","Materijalna imovina namijenjena za prodaju"
"kp_rrif_acc_group_699","699","kp_rrif_acc_group_69","Vrijednosno usklađenje dugotrajne imovine namijenjena prodaji"
"kp_rrif_acc_group_7","7",,"POKRIĆE RASHODA I PRIHODI RAZDOBLJA"
"kp_rrif_acc_group_70","70","kp_rrif_acc_group_7","TROŠKOVI PRODANIH ZALIHA PROIZVODA I USLUGA"
"kp_rrif_acc_group_700","700","kp_rrif_acc_group_70","Trošak zaliha prodanih proizvoda (60, 62, 63 i 64)"
"kp_rrif_acc_group_701","701","kp_rrif_acc_group_70","Troškovi realiziranih usluga (490 i 601)"
"kp_rrif_acc_group_702","702","kp_rrif_acc_group_70","Troškovi neiskorištenog kapaciteta (HSFI t. 10.18. i MRS 2 t. 13)"
"kp_rrif_acc_group_703","703","kp_rrif_acc_group_70","Troškovi prodanih zaliha materijala i otpadaka (31, 32, 35 i 36)"
"kp_rrif_acc_group_704","704","kp_rrif_acc_group_70","Rashodi zaliha proizvodnje (HSFI 10 i MRS 2)"
"kp_rrif_acc_group_705","705","kp_rrif_acc_group_70","Greškom neiskazani rashodi proteklih razdoblja"
"kp_rrif_acc_group_706","706","kp_rrif_acc_group_70","Gubitci iz ugovora o izgradnji (MRS 11, t. 36.)"
"kp_rrif_acc_group_707","707","kp_rrif_acc_group_70","Troškovi iz ugovora o ortaštvu"
"kp_rrif_acc_group_708","708","kp_rrif_acc_group_70","Troškovi vrijednosnog usklađenja proizvodnje u tijeku (609), poluproizvoda (629) i zaliha gotovih proizvoda (639 i 649)"
"kp_rrif_acc_group_71","71","kp_rrif_acc_group_7","TROŠKOVI PRODANE ROBE"
"kp_rrif_acc_group_710","710","kp_rrif_acc_group_71","Nabavna vrijednost prodane robe"
"kp_rrif_acc_group_711","711","kp_rrif_acc_group_71","Nabavna vrijednost prodanih nekretnina i umjetnina"
"kp_rrif_acc_group_712","712","kp_rrif_acc_group_71","Troškovi dugotr. imov. namijenjeni prodaji"
"kp_rrif_acc_group_713","713","kp_rrif_acc_group_71","Troškovi kala, rastepa, kvara i loma na robi i otpisi robe"
"kp_rrif_acc_group_714","714","kp_rrif_acc_group_71","Troškovi zamjene robe u jamstvenom roku"
"kp_rrif_acc_group_715","715","kp_rrif_acc_group_71","Greškom neiskazani rashodi prodane robe u proteklim razdobljima u trgovini"
"kp_rrif_acc_group_718","718","kp_rrif_acc_group_71","Troškovi vrijednosnog usklađenja trgovačke robe i predujmova (669, 679, 689)"
"kp_rrif_acc_group_719","719","kp_rrif_acc_group_71","Troškovi vrijednosnog usklađenja dugotrajne imovine namijenjene prodaji (699)"
"kp_rrif_acc_group_72","72","kp_rrif_acc_group_7","TROŠKOVI UPRAVE, ADMINISTRACIJE I OSTALI RASHODI"
"kp_rrif_acc_group_720","720","kp_rrif_acc_group_72","Troškovi uprave, prodaje, administracije (491)"
"kp_rrif_acc_group_721","721","kp_rrif_acc_group_72","Ostali poslovni rashodi - nespomenuti"
"kp_rrif_acc_group_73","73","kp_rrif_acc_group_7","IZVANREDNI - OSTALI RASHODI"
"kp_rrif_acc_group_730","730","kp_rrif_acc_group_73","Izvanredni rashodi od prodaje dugotrajne imovine (HSFI t. 8.35.)"
"kp_rrif_acc_group_731","731","kp_rrif_acc_group_73","Izvanredni otpisi od otuđenja imovine koji su nastali neočekivano i u visokoj vrijednosti (HSFI t. 4.7. i MRS 10, t. 9.)"
"kp_rrif_acc_group_732","732","kp_rrif_acc_group_73","Gubitci zbog izvlaštenja ili zbog prirodnih katastrofa na važnom dijelu imovine"
"kp_rrif_acc_group_733","733","kp_rrif_acc_group_73","Izvanredni rashodi iz ostalih rijetkih i neobičnih događaja ili transakcija"
"kp_rrif_acc_group_734","734","kp_rrif_acc_group_73","Izvanredne kazne, penali, odštete, naknadno utvrđ. obveze i sl."
"kp_rrif_acc_group_735","735","kp_rrif_acc_group_73","Nerealizirani gubitci"
"kp_rrif_acc_group_736","736","kp_rrif_acc_group_73","Troškovi vraćene robe prodane u prethodnim god."
"kp_rrif_acc_group_737","737","kp_rrif_acc_group_73","Gubitci od procjene biološke imovine"
"kp_rrif_acc_group_738","738","kp_rrif_acc_group_73","Gubitci od procjene poljoprivrednih proizvoda"
"kp_rrif_acc_group_74","74","kp_rrif_acc_group_7","UDIO U GUBITKU I DOBITKU PRIDRUŽENIH PODUZETNIKA"
"kp_rrif_acc_group_740","740","kp_rrif_acc_group_74","Udio u gubitku pridruženih poduzetnika"
"kp_rrif_acc_group_745","745","kp_rrif_acc_group_74","Udio u dobitku od pridruženih poduzetnika"
"kp_rrif_acc_group_75","75","kp_rrif_acc_group_7","PRIHODI OD PRODAJE PROIZVODA I USLUGA"
"kp_rrif_acc_group_750","750","kp_rrif_acc_group_75","Prihodi od prodaje proizvoda (analitika po proizvodima ili profitnim centrima)"
"kp_rrif_acc_group_751","751","kp_rrif_acc_group_75","Prihodi od prodaje usluga"
"kp_rrif_acc_group_752","752","kp_rrif_acc_group_75","Prihodi od graditeljskih usluga - iz ugovora o izgradnji (građevina)"
"kp_rrif_acc_group_753","753","kp_rrif_acc_group_75","Prihodi od prodaje dobara u inozemstvo"
"kp_rrif_acc_group_754","754","kp_rrif_acc_group_75","Prihodi od prodaje usluga u inozemstvo"
"kp_rrif_acc_group_755","755","kp_rrif_acc_group_75","Prihodi od prodaje dobara i usluga društvima u kojima postoje sudjelujući interesi (do 20% udjela)"
"kp_rrif_acc_group_756","756","kp_rrif_acc_group_75","Prihodi od prodaje proizvoda i usluga ovisnim društvima (analitika po društvima)"
"kp_rrif_acc_group_757","757","kp_rrif_acc_group_75","Prihodi od zakupa i najmova"
"kp_rrif_acc_group_758","758","kp_rrif_acc_group_75","Prihodi iz ortaštva"
"kp_rrif_acc_group_759","759","kp_rrif_acc_group_75","Ostali prihodi od ostale prodaje"
"kp_rrif_acc_group_76","76","kp_rrif_acc_group_7","PRIHODI OD PRODAJE TRGOVAČKE ROBE"
"kp_rrif_acc_group_760","760","kp_rrif_acc_group_76","Prihodi od prodaje robe"
"kp_rrif_acc_group_761","761","kp_rrif_acc_group_76","Prihodi od prodaje robe u inozemstvu"
"kp_rrif_acc_group_762","762","kp_rrif_acc_group_76","Prihodi od trgovačkih usluga"
"kp_rrif_acc_group_763","763","kp_rrif_acc_group_76","Prihodi od prodaje nekurentne robe (robe u kvaru, oštećenju, demodirana i sl.)"
"kp_rrif_acc_group_764","764","kp_rrif_acc_group_76","Prihodi od prodaje robe na kredit"
"kp_rrif_acc_group_765","765","kp_rrif_acc_group_76","Prihodi od prodaje robe društvima u kojima postoje sudjelujući interesi (do 20% udjela)"
"kp_rrif_acc_group_766","766","kp_rrif_acc_group_76","Prihodi od prodaje robe ovisnim društvima"
"kp_rrif_acc_group_767","767","kp_rrif_acc_group_76","Prihodi od dane (prodane) robe u financijski lizing (najam)"
"kp_rrif_acc_group_768","768","kp_rrif_acc_group_76","Prihodi od preprodaje nekretnina i umjetnina"
"kp_rrif_acc_group_769","769","kp_rrif_acc_group_76","Ostali prihodi od prodaje roba i trgovačkih usluga"
"kp_rrif_acc_group_77","77","kp_rrif_acc_group_7","FINANCIJSKI PRIHODI"
"kp_rrif_acc_group_770","770","kp_rrif_acc_group_77","Kamate, tečajne razlike, dividende i sl. prihodi iz odnosa s povezanim poduzetnicima"
"kp_rrif_acc_group_771","771","kp_rrif_acc_group_77","Prihodi od kamata"
"kp_rrif_acc_group_772","772","kp_rrif_acc_group_77","Prihodi od tečajnih razlika"
"kp_rrif_acc_group_773","773","kp_rrif_acc_group_77","Prihodi od dividende i dobitaka iz udjela"
"kp_rrif_acc_group_774","774","kp_rrif_acc_group_77","Financijski prihodi od imovine"
"kp_rrif_acc_group_775","775","kp_rrif_acc_group_77","Dio prihoda od pridruženih poduzetnika i sudjelujućih interesa"
"kp_rrif_acc_group_776","776","kp_rrif_acc_group_77","Nerealizirani dobitci (prihodi) od financijske imovine"
"kp_rrif_acc_group_777","777","kp_rrif_acc_group_77","Prihodi negativnog goodwilla"
"kp_rrif_acc_group_778","778","kp_rrif_acc_group_77","Prihodi od financijskih naknada"
"kp_rrif_acc_group_779","779","kp_rrif_acc_group_77","Ostali financijski prihodi"
"kp_rrif_acc_group_78","78","kp_rrif_acc_group_7","OSTALI POSLOVNI I IZVANREDNI PRIHODI"
"kp_rrif_acc_group_780","780","kp_rrif_acc_group_78","Prihodi od otpisa obveza i popusta"
"kp_rrif_acc_group_781","781","kp_rrif_acc_group_78","Prihodi od rezidualnih imovinskih stavki, viškova i procjena"
"kp_rrif_acc_group_782","782","kp_rrif_acc_group_78","Prihodi od ukidanja rezerviranja i naknadno naplaćeni prihodi"
"kp_rrif_acc_group_783","783","kp_rrif_acc_group_78","Prihodi od refundac., dotacija, subvencija i nadoknada"
"kp_rrif_acc_group_784","784","kp_rrif_acc_group_78","Prihodi od ukidanja gubitaka i revalorizacija"
"kp_rrif_acc_group_785","785","kp_rrif_acc_group_78","Ostali poslovni prihodi"
"kp_rrif_acc_group_786","786","kp_rrif_acc_group_78","Prihodi od državnih potpora (HSFI 15 i MRS 20)"
"kp_rrif_acc_group_787","787","kp_rrif_acc_group_78","Dobitci od procjene poljoprivrednih proizvoda i biološke imovine (HSFI 17, t. 17.12 i MRS 41)"
"kp_rrif_acc_group_788","788","kp_rrif_acc_group_78","Prihodi od uporabe vlastitih proizvoda"
"kp_rrif_acc_group_789","789","kp_rrif_acc_group_78","Izvanredni - ostali prihodi (npr. veliki besplatni primitak, prihod koji nije proizašao iz redovitog poslovanja)"
"kp_rrif_acc_group_79","79","kp_rrif_acc_group_7","RAZLIKA PRIHODA I RASHODA FINANCIJSKE GODINE"
"kp_rrif_acc_group_790","790","kp_rrif_acc_group_79","Razlika prihoda i rashoda (iz cjelokupnog poslovanja)"
"kp_rrif_acc_group_8","8",,"FINANCIJSKI REZULTAT POSLOVANJA"
"kp_rrif_acc_group_80","80","kp_rrif_acc_group_8","DOBITAK ILI GUBITAK RAZDOBLJA"
"kp_rrif_acc_group_800","800","kp_rrif_acc_group_80","Dobitak prije oporezivanja"
"kp_rrif_acc_group_801","801","kp_rrif_acc_group_80","Gubitak prije oporezivanja"
"kp_rrif_acc_group_803","803","kp_rrif_acc_group_80","Porez na dobitak (gubitak)"
"kp_rrif_acc_group_804","804","kp_rrif_acc_group_80","Dobitak ili gubitak razdoblja"
"kp_rrif_acc_group_81","81","kp_rrif_acc_group_8","DOBITAK ILI GUBITAK RAZDOBLJA KOJI PRIPADA DRUGIMA"
"kp_rrif_acc_group_810","810","kp_rrif_acc_group_81","Dobitak pripisan imateljima kapitala matice"
"kp_rrif_acc_group_811","811","kp_rrif_acc_group_81","Gubitak koji tereti imatelje kapitala matice"
"kp_rrif_acc_group_813","813","kp_rrif_acc_group_81","Dobitak pripisan manjinskom interesu"
"kp_rrif_acc_group_814","814","kp_rrif_acc_group_81","Gubitak koji tereti manjinski interes"
"kp_rrif_acc_group_9","9",,"KAPITAL I PRIČUVE TE IZVANBILANČNI ZAPISI"
"kp_rrif_acc_group_90","90","kp_rrif_acc_group_9","TEMELJNI - (UPISANI) KAPITAL"
"kp_rrif_acc_group_900","900","kp_rrif_acc_group_90","Upisani temeljni kapital koji je plaćen"
"kp_rrif_acc_group_901","901","kp_rrif_acc_group_90","Upisani temeljni kapital manjinskih članova"
"kp_rrif_acc_group_902","902","kp_rrif_acc_group_90","Upisani kapital koji nije plaćen"
"kp_rrif_acc_group_903","903","kp_rrif_acc_group_90","Kapital (ulozi) članova javnog trgovačkog društva"
"kp_rrif_acc_group_904","904","kp_rrif_acc_group_90","Kapital (ulozi) komanditora komanditnog društva"
"kp_rrif_acc_group_905","905","kp_rrif_acc_group_90","Državni kapital u udjelima"
"kp_rrif_acc_group_906","906","kp_rrif_acc_group_90","Kapital članova zadruge"
"kp_rrif_acc_group_91","91","kp_rrif_acc_group_9","KAPITALNE PRIČUVE"
"kp_rrif_acc_group_910","910","kp_rrif_acc_group_91","Uplaćeni udjeli - dionice iznad svote temeljnog kapitala"
"kp_rrif_acc_group_911","911","kp_rrif_acc_group_91","Kapitalne pričuve iz dodatnih uplata radi stjecanja posebnih prava u društvu (ili zamjenjivih obveznica)"
"kp_rrif_acc_group_912","912","kp_rrif_acc_group_91","Kapitalne pričuve iz uplata dodatnih činidbi"
"kp_rrif_acc_group_913","913","kp_rrif_acc_group_91","Kapitalne pričuve iz ostatka pri smanjenju temeljnog kapitala"
"kp_rrif_acc_group_914","914","kp_rrif_acc_group_91","Kapitalne pričuve iz drugih izvora"
"kp_rrif_acc_group_915","915","kp_rrif_acc_group_91","Kapitalni dobitak iz prodaje vlastitih udjela - dionica"
"kp_rrif_acc_group_916","916","kp_rrif_acc_group_91","Kapitalni dobitak na prodane emitirane dionice"
"kp_rrif_acc_group_917","917","kp_rrif_acc_group_91","Kapitalne pričuve iz ulaganja tajnog člana društva (čl. 148. ZTD-a)"
"kp_rrif_acc_group_919","919","kp_rrif_acc_group_91","Kapital iz ulaganja obrtnika dobitaša"
"kp_rrif_acc_group_92","92","kp_rrif_acc_group_9","PRIČUVE IZ DOBITKA"
"kp_rrif_acc_group_920","920","kp_rrif_acc_group_92","Zakonske pričuve (u d.d.)"
"kp_rrif_acc_group_921","921","kp_rrif_acc_group_92","Pričuve za vlastite dionice i udjele (čl. 233. i 406.a ZTD-a)"
"kp_rrif_acc_group_922","922","kp_rrif_acc_group_92","Vlastite dionice i udjeli (odbitna- dugovna stavka)"
"kp_rrif_acc_group_923","923","kp_rrif_acc_group_92","Statutarne pričuve"
"kp_rrif_acc_group_924","924","kp_rrif_acc_group_92","Ostale pričuve"
"kp_rrif_acc_group_93","93","kp_rrif_acc_group_9","REVALORIZACIJSKE PRIČUVE"
"kp_rrif_acc_group_930","930","kp_rrif_acc_group_93","Revalorizacijske pričuve"
"kp_rrif_acc_group_931","931","kp_rrif_acc_group_93","Revalorizacijske pričuve ranijih godina"
"kp_rrif_acc_group_932","932","kp_rrif_acc_group_93","Pričuve iz tečajnih razlika od ulaganja u inozemno poslovanje (MRS 21, t. 39.)"
"kp_rrif_acc_group_933","933","kp_rrif_acc_group_93","Dobitci/gubitci od udjela u kapitalu do prestanka priznavanja (MRS 1, t. 95. i MRS 39. 55.b)"
"kp_rrif_acc_group_934","934","kp_rrif_acc_group_93","Dobitci/gubitci iz zaštite novčanog toka do reklasifikacije (MRS 1, t. 95. i MRS 39, t. 100.)"
"kp_rrif_acc_group_935","935","kp_rrif_acc_group_93","Ostali akumulirani sveobuhvatni dobitci/gubitci - pričuve (MRS 1, t. 96.)"
"kp_rrif_acc_group_936","936","kp_rrif_acc_group_93","Revaloriz. pričuve ulagatelja po metodi udjela"
"kp_rrif_acc_group_94","94","kp_rrif_acc_group_9","ZADRŽANI DOBITAK ILI PRENESENI GUBITAK"
"kp_rrif_acc_group_940","940","kp_rrif_acc_group_94","Zadržani dobitak (iz prethodnih godina)"
"kp_rrif_acc_group_9400","9400","kp_rrif_acc_group_940","Zadržani dobitci ostvareni do kraja 2000."
"kp_rrif_acc_group_9401","9401","kp_rrif_acc_group_940","Zadržani dobitak iz 2001. do 2004."
"kp_rrif_acc_group_9402","9402","kp_rrif_acc_group_940","Zadržani dobitak iz 2004. do 2012."
"kp_rrif_acc_group_9403","9403","kp_rrif_acc_group_940","Zadržani dobitak iz 2012. i poslije"
"kp_rrif_acc_group_941","941","kp_rrif_acc_group_94","Preneseni gubitak (kumuliran u prethodnim godinama - analitika po članovima)"
"kp_rrif_acc_group_95","95","kp_rrif_acc_group_9","DOBITAK ILI GUBITAK POSLOVNE GODINE"
"kp_rrif_acc_group_950","950","kp_rrif_acc_group_95","Dobitak poslovne godine"
"kp_rrif_acc_group_951","951","kp_rrif_acc_group_95","Gubitak poslovne godine (analitika po članovima)"
"kp_rrif_acc_group_96","96","kp_rrif_acc_group_9","MANJINSKI INTERES"
"kp_rrif_acc_group_960","960","kp_rrif_acc_group_96","Manjinski interes"
"kp_rrif_acc_group_99","99","kp_rrif_acc_group_9","IZVANBILANČNI ZAPISI"
"kp_rrif_acc_group_990","990","kp_rrif_acc_group_99","Imovina - materijalna u optjecaju"
"kp_rrif_acc_group_991","991","kp_rrif_acc_group_99","Prava"
"kp_rrif_acc_group_992","992","kp_rrif_acc_group_99","Vrijednosni papiri"
"kp_rrif_acc_group_993","993","kp_rrif_acc_group_99","Vrijednosnice u manipulaciji"
"kp_rrif_acc_group_994","994","kp_rrif_acc_group_99","Obračun dobitka investicijskog pothvata"
"kp_rrif_acc_group_995","995","kp_rrif_acc_group_99","Izvori materijalne imovine"
"kp_rrif_acc_group_996","996","kp_rrif_acc_group_99","Izvori prava"
"kp_rrif_acc_group_997","997","kp_rrif_acc_group_99","Obveze za vrijednosne papire koji nisu stavljeni u optjecaj"
"kp_rrif_acc_group_998","998","kp_rrif_acc_group_99","Obveze za izdane vrijednosnice u manipulaciji"
"kp_rrif_acc_group_999","999","kp_rrif_acc_group_99","Obveze s osnove investicijskog pothvata"
